num, id
15585390, 2ba7cf45b33e05c34454125e2e9cf8ecacf792d8fa6c3c5eff90c3195f59f7f2i0
15585391, f34c158aa044088b9bb5d35f3d8bf9adfa5032c2effc6579658b363c6fb686e3i0
15633998, 0f5a8e87d2afa95880aaa6614e00557997e48e0924b735056ce8d679e24a8727i0
15633999, f384bb141bc0cef77eceda06a99d9860115ca45fd687c729dcea246612d46b1fi0
15682740, 633a987dcf133364f7500af1546d8d9f42de93cb4238dac85f3d6e658b5d6d02i0
15682742, 70b3b944b37bc9f40d5c32c57ffe986668b6ef7b7ae61a0cc99930f26945d105i0
15682743, 14e7b79d983f22e9de29c69c266af9639e55ee5516d44a49dc7912eed0589017i0
15682746, 2b54cc199948d9b20bdddc274938ccc13b8b647d2db5b9a933b1a20d2aadb512i0
15682748, ac9dc6a9a21a5a69464ac247e1616cb5c3a31c1a8fa89dd5b62e7bf7b35d4d33i0
15682749, 06664ae5ee1999e9f6377fdafc9bfde03dbce7a3ad2c63981cd87749bdda0335i0
15682751, 3dde942a51c959587629d36f1cf7ef78c693555548cc1a3fec5f33a38f6959a2i0
15682752, afe098d91c2515531782cb560e5d947384292d7ab800dba337914844c31b04aai0
15682756, 95d1fef71bdf81c8bf6f60c373110bf7aeb8a01a49ca347f72b77272101b51e2i0
15682864, 67922f369b4f2ea447e30ca749950875e7cfda723645b1058079d3e2f990e78ei0
15683551, c61a22c4895cb80e279493c33b1db223ad4634e96e9ea38356d1d8913d23a4abi0
15683556, c80bd0837bf077704a6f033c4d3255149648870ed6d6e42b3f83dfa6702ee20ei0
15683557, 94c26ab610bc6aedd46176862db2e41b7a729719bc07cb18dedff23555e5b814i0
15683558, 50c90345a4f11861e689836b6abbcfcffa7bb0ea49e5aae520ea68ec48ab0886i0
15683559, 95f15b537eb7c385d6625373f35263501da64a6a759aca9faf6f09a54c304989i0
15683560, 4e6d1e98e69a33c616b76bef9e43c6aba449af895d93826372f9b7e7119014dci0
15683561, f240d4af32cb29436b7155e847d4059a96fe9ffd6dbf7b35648f1118282130fci0
15683562, 5cdcd5dc5b4a9d2f9e9db35e5a80da2bfe2fc8b195fcb8bc27a20f7e5e7a6333i0
15683566, d48dc7dff426e1c107816e2c990b87f7da49fa2f3af3e69c12293396f0edd5c8i0
15683612, 1f424051af08719e91e09f9e4403c5eb52644065406d64ebd1c194bfafc6aebdi0
15683651, 3782b6e2de3b903d950074f32380dca9459026d7f5b38fe9b0c926be9904e408i0
15683796, 1068b6adc93ff5d354b3d3f7495e54201bf228a186bc79cc40158a5979b62861i0
15685462, c6f99551596efd124bb88497f7a8e2b851eebd86027933c036ace409dfdd2266i0
